{"minzoom":0,"maxzoom":8,"center":[99.140625,51.177236,8.0],"bounds":[87.735107,41.5839,119.915741,52.165615]}