{"minzoom":0,"maxzoom":9,"center":[99.492187,51.39868,9.0],"bounds":[87.735107,41.5839,119.915741,52.165615]}